"species","sets_Random sets","trips_Random sets","trips_Trip bias","vessels_Random sets","vessels_Vessel bias"
"Bycatch species ",22.59678774133,2.26645992055247,583.860509616313,-16.3579916041365,442.700044074909
"Market species",367.944445682401,1264.06760072164,37839.8285400392,-342.412577298985,19406.5746486396
"Market species + high trip variance",-3576.5253962511,-1928.81311296616,139243.256581773,-6693.80157274905,34752.0467104362
"Market species + high vessel variance",2633.04322808826,-321.872686227649,52324.63875102,-7927.80095829577,64871.6274402798
"Rare bycatch species",-2.07524657960915,-9.91849589010805,53.2215664941195,-2.70555345729696,39.2453875823813
