"species","sets_Random sets","trips_Random sets","trips_Trip bias","vessels_Random sets","vessels_Vessel bias"
"Bycatch species ",-4.98736487327787,7.5487799923471,572.84614261832,15.1229105646751,464.667841689058
"Market species",-2.85887355864014,-294.566339484398,38214.9533133288,-154.576176971493,19048.3702472817
"Market species + high trip variance",494.306408211746,158.656070800559,141584.356482798,-602.574641481998,33367.7668611499
"Market species + high vessel variance",-535.489557392493,1102.41228441153,49070.4426546573,711.563625561414,64168.5406226252
"Rare bycatch species",1.0382383545052,2.89076496350156,52.7010391650331,-0.581772449068313,40.8626122451003
